{
    "$schema": "https://schema.management.azure.com/schemas/2019-04-01/deploymentTemplate.json#",
    "contentVersion": "1.0.0.0",
    "parameters": {
        "workflows_la_watercooler2_name": {
            "defaultValue": "la-watercooler2",
            "type": "String"
        },
        "connections_azureblob_3_externalid": {
            "defaultValue": "/subscriptions/7496ee97-bfb2-446d-8151-9538bd006b2c/resourceGroups/watercooler/providers/Microsoft.Web/connections/azureblob-3",
            "type": "String"
        },
        "connections_office365groups_externalid": {
            "defaultValue": "/subscriptions/7496ee97-bfb2-446d-8151-9538bd006b2c/resourceGroups/watercooler/providers/Microsoft.Web/connections/office365groups",
            "type": "String"
        }
    },
    "variables": {},
    "resources": [
        {
            "type": "Microsoft.Logic/workflows",
            "apiVersion": "2017-07-01",
            "name": "[parameters('workflows_la_watercooler2_name')]",
            "location": "northcentralus",
            "identity": {
                "type": "SystemAssigned"
            },
            "properties": {
                "state": "Enabled",
                "definition": {
                    "$schema": "https://schema.management.azure.com/providers/Microsoft.Logic/schemas/2016-06-01/workflowdefinition.json#",
                    "contentVersion": "1.0.0.0",
                    "parameters": {
                        "$connections": {
                            "defaultValue": {},
                            "type": "Object"
                        }
                    },
                    "triggers": {
                        "manual": {
                            "type": "Request",
                            "kind": "Http",
                            "inputs": {}
                        }
                    },
                    "actions": {
                        "Create_blob_(V2)": {
                            "runAfter": {
                                "List_group_members": [
                                    "Succeeded"
                                ]
                            },
                            "type": "ApiConnection",
                            "inputs": {
                                "body": "@body('List_group_members')",
                                "headers": {
                                    "ReadFileMetadataFromServer": true
                                },
                                "host": {
                                    "connection": {
                                        "name": "@parameters('$connections')['azureblob_2']['connectionId']"
                                    }
                                },
                                "method": "post",
                                "path": "/v2/datasets/@{encodeURIComponent(encodeURIComponent('adls2watercooler'))}/files",
                                "queries": {
                                    "folderPath": "/input/graphlist/",
                                    "name": "KoreyList",
                                    "queryParametersSingleEncoded": true
                                }
                            },
                            "runtimeConfiguration": {
                                "contentTransfer": {
                                    "transferMode": "Chunked"
                                }
                            }
                        },
                        "HTTP": {
                            "runAfter": {
                                "Create_blob_(V2)": [
                                    "Succeeded"
                                ]
                            },
                            "type": "Http",
                            "inputs": {
                                "body": {},
                                "method": "POST",
                                "uri": "@{triggerBody().CallbackUri}"
                            }
                        },
                        "List_group_members": {
                            "runAfter": {},
                            "type": "ApiConnection",
                            "inputs": {
                                "host": {
                                    "connection": {
                                        "name": "@parameters('$connections')['office365groups']['connectionId']"
                                    }
                                },
                                "method": "get",
                                "path": "/v1.0/groups/@{encodeURIComponent('ace9d25b-c812-47d7-9095-dc4d54b8db96')}/members"
                            },
                            "description": "This is the AC&AI Koreyf Team Collaboration group from AD. Will need to remove Des and Sydney from the group"
                        }
                    },
                    "outputs": {}
                },
                "parameters": {
                    "$connections": {
                        "value": {
                            "azureblob_2": {
                                "connectionId": "[parameters('connections_azureblob_3_externalid')]",
                                "connectionName": "azureblob-3",
                                "connectionProperties": {
                                    "authentication": {
                                        "type": "ManagedServiceIdentity"
                                    }
                                },
                                "id": "/subscriptions/7496ee97-bfb2-446d-8151-9538bd006b2c/providers/Microsoft.Web/locations/northcentralus/managedApis/azureblob"
                            },
                            "office365groups": {
                                "connectionId": "[parameters('connections_office365groups_externalid')]",
                                "connectionName": "office365groups",
                                "id": "/subscriptions/7496ee97-bfb2-446d-8151-9538bd006b2c/providers/Microsoft.Web/locations/northcentralus/managedApis/office365groups"
                            }
                        }
                    }
                }
            }
        }
    ]
}