{
    "$schema": "https://schema.management.azure.com/schemas/2019-04-01/deploymentTemplate.json#",
    "contentVersion": "1.0.0.0",
    "parameters": {
        "workflows_sendWCMessages_name": {
            "defaultValue": "sendWCMessages",
            "type": "String"
        },
        "connections_office365_externalid": {
            "defaultValue": "/subscriptions/7496ee97-bfb2-446d-8151-9538bd006b2c/resourceGroups/watercooler/providers/Microsoft.Web/connections/office365",
            "type": "String"
        },
        "connections_sql_2_externalid": {
            "defaultValue": "/subscriptions/7496ee97-bfb2-446d-8151-9538bd006b2c/resourceGroups/watercooler/providers/Microsoft.Web/connections/sql-2",
            "type": "String"
        }
    },
    "variables": {},
    "resources": [
        {
            "type": "Microsoft.Logic/workflows",
            "apiVersion": "2017-07-01",
            "name": "[parameters('workflows_sendWCMessages_name')]",
            "location": "eastus",
            "properties": {
                "state": "Enabled",
                "definition": {
                    "$schema": "https://schema.management.azure.com/providers/Microsoft.Logic/schemas/2016-06-01/workflowdefinition.json#",
                    "contentVersion": "1.0.0.0",
                    "parameters": {
                        "$connections": {
                            "defaultValue": {},
                            "type": "Object"
                        }
                    },
                    "triggers": {
                        "manual": {
                            "type": "Request",
                            "kind": "Http",
                            "inputs": {
                                "schema": {}
                            }
                        }
                    },
                    "actions": {
                        "Execute_a_SQL_query_(V2)": {
                            "runAfter": {},
                            "type": "ApiConnection",
                            "inputs": {
                                "body": {
                                    "query": "SELECT [GroupAssigned]\n      ,[emailchain]\n      ,CONVERT(DATE, [AssignmentDate]) AS [UPDATEDATE]\n  FROM [dbo].[WaterCoolerEmailGroupings]\n  WHERE DATEDIFF(DAY,[AssignmentDate],GETDATE()) = 0"
                                },
                                "host": {
                                    "connection": {
                                        "name": "@parameters('$connections')['sql']['connectionId']"
                                    }
                                },
                                "method": "post",
                                "path": "/v2/datasets/@{encodeURIComponent(encodeURIComponent('swanteksql.database.windows.net'))},@{encodeURIComponent(encodeURIComponent('swantekDB'))}/query/sql"
                            }
                        },
                        "For_each": {
                            "foreach": "@body('Execute_a_SQL_query_(V2)')?['resultsets']?['Table1']",
                            "actions": {
                                "Parse_JSON": {
                                    "runAfter": {},
                                    "type": "ParseJson",
                                    "inputs": {
                                        "content": "@items('For_each')",
                                        "schema": {
                                            "properties": {
                                                "GroupAssigned": {
                                                    "type": "integer"
                                                },
                                                "UPDATEDATE": {
                                                    "type": "string"
                                                },
                                                "emailchain": {
                                                    "type": "string"
                                                }
                                            },
                                            "type": "object"
                                        }
                                    }
                                },
                                "Send_an_email_(V2)": {
                                    "runAfter": {
                                        "Parse_JSON": [
                                            "Succeeded"
                                        ]
                                    },
                                    "type": "ApiConnection",
                                    "inputs": {
                                        "body": {
                                            "Body": "<p>Welcome to the next round of our networking pods. &nbsp;We have a number of new members on the team, and this is a good opportunity to make connections as members of the same team. &nbsp;As a reminder, the goal of this is to have a casual meeting to get to know others on the team better. &nbsp;&nbsp;While this is not mandatory, I do hope that you take this opportunity to network! &nbsp;<br>\n<br>\nThe Ask: &nbsp;One of you take the initiative and find a 30 minute time slot on your schedules to connect in the next two weeks.<br>\n<br>\nEnjoy the conversation!<br>\n<br>\n*** This was a completely automated task. Apologies if things don't seem 'human'.<br>\n</p>",
                                            "Cc": "Korey.Finnes@microsoft.com",
                                            "From": "mikeswantek@microsoft.com",
                                            "Subject": "On Behalf of Korey Finnes: @{formatDateTime(body('Parse_JSON')?['UPDATEDATE'], 'MMMM')} Watercooler pairings",
                                            "To": "@body('Parse_JSON')?['emailchain']"
                                        },
                                        "host": {
                                            "connection": {
                                                "name": "@parameters('$connections')['office365']['connectionId']"
                                            }
                                        },
                                        "method": "post",
                                        "path": "/v2/Mail"
                                    }
                                }
                            },
                            "runAfter": {
                                "Execute_a_SQL_query_(V2)": [
                                    "Succeeded"
                                ]
                            },
                            "type": "Foreach"
                        },
                        "HTTP": {
                            "runAfter": {
                                "For_each": [
                                    "Succeeded"
                                ]
                            },
                            "type": "Http",
                            "inputs": {
                                "method": "POST",
                                "uri": "@{triggerBody().callBackUri}"
                            }
                        }
                    },
                    "outputs": {}
                },
                "parameters": {
                    "$connections": {
                        "value": {
                            "office365": {
                                "connectionId": "[parameters('connections_office365_externalid')]",
                                "connectionName": "office365",
                                "id": "/subscriptions/7496ee97-bfb2-446d-8151-9538bd006b2c/providers/Microsoft.Web/locations/eastus/managedApis/office365"
                            },
                            "sql": {
                                "connectionId": "[parameters('connections_sql_2_externalid')]",
                                "connectionName": "sql-2",
                                "id": "/subscriptions/7496ee97-bfb2-446d-8151-9538bd006b2c/providers/Microsoft.Web/locations/eastus/managedApis/sql"
                            }
                        }
                    }
                }
            }
        }
    ]
}